{"cameraMode":{"drawMode":0,"name":"Shaded","section":"Shading Mode"},"sceneLighting":true,"audioPlay":false,"sceneViewState":{"showFog":true,"showMaterialUpdate":false,"showSkybox":true,"showFlares":true,"showImageEffects":true,"showParticleSystems":true},"in2DMode":false,"pivot":{"x":1.2379701137542725,"y":2.2688093185424806,"z":6.5638017654418949},"rotation":{"x":-0.007881605066359043,"y":-0.9363962411880493,"z":0.021072447299957277,"w":-0.3502272963523865},"size":3.1720387935638429,"orthographic":true}